{
	"12/07/2020": {
		"00:00": [
			[-82.982993, 42.626985],
			[-82.982821, 42.627034],
			[-82.982671, 42.62702],
			[-82.982585, 42.626939],
			[-82.982609, 42.626835]
		],
		"00:15": [
			[-82.982633, 42.626584],
			[-82.982341, 42.626669],
			[-82.982024, 42.62659],
			[-82.982024, 42.626436],
			[-82.982311, 42.62641]
		],
		"00:30": [
			[-82.981839, 42.626511],
			[-82.981643, 42.626545],
			[-82.981466, 42.626525],
			[-82.981525, 42.626357],
			[-82.981858, 42.626284]
		],
		"00:45": [
			[-82.98126, 42.626391],
			[-82.980938, 42.626337],
			[-82.980973, 42.626142],
			[-82.981136, 42.626057],
			[-82.98145, 42.626032]
		],
		"01:00": [
			[-82.982993, 42.626985],
			[-82.982821, 42.627034],
			[-82.982671, 42.62702],
			[-82.982585, 42.626939],
			[-82.982609, 42.626835]
		],
		"01:15": [
			[-82.982633, 42.626584],
			[-82.982341, 42.626669],
			[-82.982024, 42.62659],
			[-82.982024, 42.626436],
			[-82.982311, 42.62641]
		],
		"01:30": [
			[-82.981839, 42.626511],
			[-82.981643, 42.626545],
			[-82.981466, 42.626525],
			[-82.981525, 42.626357],
			[-82.981858, 42.626284]
		],
		"01:45": [
			[-82.98126, 42.626391],
			[-82.980938, 42.626337],
			[-82.980973, 42.626142],
			[-82.981136, 42.626057],
			[-82.98145, 42.626032]
		],
		"02:00": [
			[-82.982993, 42.626985],
			[-82.982821, 42.627034],
			[-82.982671, 42.62702],
			[-82.982585, 42.626939],
			[-82.982609, 42.626835]
		],
		"02:15": [
			[-82.982633, 42.626584],
			[-82.982341, 42.626669],
			[-82.982024, 42.62659],
			[-82.982024, 42.626436],
			[-82.982311, 42.62641]
		],
		"02:30": [
			[-82.981839, 42.626511],
			[-82.981643, 42.626545],
			[-82.981466, 42.626525],
			[-82.981525, 42.626357],
			[-82.981858, 42.626284]
		],
		"02:45": [
			[-82.98126, 42.626391],
			[-82.980938, 42.626337],
			[-82.980973, 42.626142],
			[-82.981136, 42.626057],
			[-82.98145, 42.626032]
		],
		"03:00": [
			[-82.982993, 42.626985],
			[-82.982821, 42.627034],
			[-82.982671, 42.62702],
			[-82.982585, 42.626939],
			[-82.982609, 42.626835]
		],
		"03:15": [
			[-82.982633, 42.626584],
			[-82.982341, 42.626669],
			[-82.982024, 42.62659],
			[-82.982024, 42.626436],
			[-82.982311, 42.62641]
		],
		"03:30": [
			[-82.981839, 42.626511],
			[-82.981643, 42.626545],
			[-82.981466, 42.626525],
			[-82.981525, 42.626357],
			[-82.981858, 42.626284]
		],
		"03:45": [
			[-82.98126, 42.626391],
			[-82.980938, 42.626337],
			[-82.980973, 42.626142],
			[-82.981136, 42.626057],
			[-82.98145, 42.626032]
		],
		"04:00": [
			[-82.982993, 42.626985],
			[-82.982821, 42.627034],
			[-82.982671, 42.62702],
			[-82.982585, 42.626939],
			[-82.982609, 42.626835]
		],
		"04:15": [
			[-82.982633, 42.626584],
			[-82.982341, 42.626669],
			[-82.982024, 42.62659],
			[-82.982024, 42.626436],
			[-82.982311, 42.62641]
		],
		"04:30": [
			[-82.981839, 42.626511],
			[-82.981643, 42.626545],
			[-82.981466, 42.626525],
			[-82.981525, 42.626357],
			[-82.981858, 42.626284]
		],
		"04:45": [
			[-82.98126, 42.626391],
			[-82.980938, 42.626337],
			[-82.980973, 42.626142],
			[-82.981136, 42.626057],
			[-82.98145, 42.626032]
		],
		"05:00": [
			[-82.982993, 42.626985],
			[-82.982821, 42.627034],
			[-82.982671, 42.62702],
			[-82.982585, 42.626939],
			[-82.982609, 42.626835]
		],
		"05:15": [
			[-82.982633, 42.626584],
			[-82.982341, 42.626669],
			[-82.982024, 42.62659],
			[-82.982024, 42.626436],
			[-82.982311, 42.62641]
		],
		"05:30": [
			[-82.981839, 42.626511],
			[-82.981643, 42.626545],
			[-82.981466, 42.626525],
			[-82.981525, 42.626357],
			[-82.981858, 42.626284]
		],
		"05:45": [
			[-82.98126, 42.626391],
			[-82.980938, 42.626337],
			[-82.980973, 42.626142],
			[-82.981136, 42.626057],
			[-82.98145, 42.626032]
		],
		"06:00": [
			[-82.982993, 42.626985],
			[-82.982821, 42.627034],
			[-82.982671, 42.62702],
			[-82.982585, 42.626939],
			[-82.982609, 42.626835]
		],
		"06:15": [
			[-82.982633, 42.626584],
			[-82.982341, 42.626669],
			[-82.982024, 42.62659],
			[-82.982024, 42.626436],
			[-82.982311, 42.62641]
		],
		"06:30": [
			[-82.981839, 42.626511],
			[-82.981643, 42.626545],
			[-82.981466, 42.626525],
			[-82.981525, 42.626357],
			[-82.981858, 42.626284]
		],
		"06:45": [
			[-82.98126, 42.626391],
			[-82.980938, 42.626337],
			[-82.980973, 42.626142],
			[-82.981136, 42.626057],
			[-82.98145, 42.626032]
		],
		"07:00": [
			[-82.982993, 42.626985],
			[-82.982821, 42.627034],
			[-82.982671, 42.62702],
			[-82.982585, 42.626939],
			[-82.982609, 42.626835]
		],
		"07:15": [
			[-82.982633, 42.626584],
			[-82.982341, 42.626669],
			[-82.982024, 42.62659],
			[-82.982024, 42.626436],
			[-82.982311, 42.62641]
		],
		"07:30": [
			[-82.981839, 42.626511],
			[-82.981643, 42.626545],
			[-82.981466, 42.626525],
			[-82.981525, 42.626357],
			[-82.981858, 42.626284]
		],
		"07:45": [
			[-82.98126, 42.626391],
			[-82.980938, 42.626337],
			[-82.980973, 42.626142],
			[-82.981136, 42.626057],
			[-82.98145, 42.626032]
		],
		"08:00": [
			[-82.982993, 42.626985],
			[-82.982821, 42.627034],
			[-82.982671, 42.62702],
			[-82.982585, 42.626939],
			[-82.982609, 42.626835]
		],
		"08:15": [
			[-82.982633, 42.626584],
			[-82.982341, 42.626669],
			[-82.982024, 42.62659],
			[-82.982024, 42.626436],
			[-82.982311, 42.62641]
		],
		"08:30": [
			[-82.981839, 42.626511],
			[-82.981643, 42.626545],
			[-82.981466, 42.626525],
			[-82.981525, 42.626357],
			[-82.981858, 42.626284]
		],
		"08:45": [
			[-82.98126, 42.626391],
			[-82.980938, 42.626337],
			[-82.980973, 42.626142],
			[-82.981136, 42.626057],
			[-82.98145, 42.626032]
		],
		"09:00": [
			[-82.982993, 42.626985],
			[-82.982821, 42.627034],
			[-82.982671, 42.62702],
			[-82.982585, 42.626939],
			[-82.982609, 42.626835]
		],
		"09:15": [
			[-82.982633, 42.626584],
			[-82.982341, 42.626669],
			[-82.982024, 42.62659],
			[-82.982024, 42.626436],
			[-82.982311, 42.62641]
		],
		"09:30": [
			[-82.981839, 42.626511],
			[-82.981643, 42.626545],
			[-82.981466, 42.626525],
			[-82.981525, 42.626357],
			[-82.981858, 42.626284]
		],
		"09:45": [
			[-82.98126, 42.626391],
			[-82.980938, 42.626337],
			[-82.980973, 42.626142],
			[-82.981136, 42.626057],
			[-82.98145, 42.626032]
		],
		"10:00": [
			[-82.982993, 42.626985],
			[-82.982821, 42.627034],
			[-82.982671, 42.62702],
			[-82.982585, 42.626939],
			[-82.982609, 42.626835]
		],
		"10:15": [
			[-82.982633, 42.626584],
			[-82.982341, 42.626669],
			[-82.982024, 42.62659],
			[-82.982024, 42.626436],
			[-82.982311, 42.62641]
		],
		"10:30": [
			[-82.981839, 42.626511],
			[-82.981643, 42.626545],
			[-82.981466, 42.626525],
			[-82.981525, 42.626357],
			[-82.981858, 42.626284]
		],
		"10:45": [
			[-82.98126, 42.626391],
			[-82.980938, 42.626337],
			[-82.980973, 42.626142],
			[-82.981136, 42.626057],
			[-82.98145, 42.626032]
		],
		"11:00": [
			[-82.982993, 42.626985],
			[-82.982821, 42.627034],
			[-82.982671, 42.62702],
			[-82.982585, 42.626939],
			[-82.982609, 42.626835]
		],
		"11:15": [
			[-82.982633, 42.626584],
			[-82.982341, 42.626669],
			[-82.982024, 42.62659],
			[-82.982024, 42.626436],
			[-82.982311, 42.62641]
		],
		"11:30": [
			[-82.981839, 42.626511],
			[-82.981643, 42.626545],
			[-82.981466, 42.626525],
			[-82.981525, 42.626357],
			[-82.981858, 42.626284]
		],
		"11:45": [
			[-82.98126, 42.626391],
			[-82.980938, 42.626337],
			[-82.980973, 42.626142],
			[-82.981136, 42.626057],
			[-82.98145, 42.626032]
		],
		"12:00": [
			[-82.982993, 42.626985],
			[-82.982821, 42.627034],
			[-82.982671, 42.62702],
			[-82.982585, 42.626939],
			[-82.982609, 42.626835]
		],
		"12:15": [
			[-82.982633, 42.626584],
			[-82.982341, 42.626669],
			[-82.982024, 42.62659],
			[-82.982024, 42.626436],
			[-82.982311, 42.62641]
		],
		"12:30": [
			[-82.981839, 42.626511],
			[-82.981643, 42.626545],
			[-82.981466, 42.626525],
			[-82.981525, 42.626357],
			[-82.981858, 42.626284]
		],